Data Source,World Development Indicators,,,,,,
,,,,,,,
Last Updated Date,7/1/2025,,,,,,
,,,,,,,
Country Name,Country Code,Indicator Name,Indicator Code,2020,2021,2022,2023
Aruba,ABW,GDP per capita (current US$),NY.GDP.PCAP.CD,22855.93232,27200.06108,30559.53353,33984.79062
Africa Eastern and Southern,AFE,GDP per capita (current US$),NY.GDP.PCAP.CD,1344.10321,1522.393346,1628.318944,1568.159891
Afghanistan,AFG,GDP per capita (current US$),NY.GDP.PCAP.CD,510.7870634,356.4962141,357.2611528,413.7578947
Africa Western and Central,AFW,GDP per capita (current US$),NY.GDP.PCAP.CD,1680.039332,1765.954788,1796.668633,1599.392983
Angola,AGO,GDP per capita (current US$),NY.GDP.PCAP.CD,1449.922867,1925.874661,2929.694455,2309.53413
Albania,ALB,GDP per capita (current US$),NY.GDP.PCAP.CD,5370.7775,6413.282808,6846.426694,8575.171346
Andorra,AND,GDP per capita (current US$),NY.GDP.PCAP.CD,37361.09007,42425.69968,42414.05901,46812.44845
Arab World,ARB,GDP per capita (current US$),NY.GDP.PCAP.CD,5722.480995,6681.708952,7931.617893,7479.688091
United Arab Emirates,ARE,GDP per capita (current US$),NY.GDP.PCAP.CD,37173.87541,43360.0211,49899.0653,49040.69475
Argentina,ARG,GDP per capita (current US$),NY.GDP.PCAP.CD,8535.59938,10738.01792,13935.68111,14187.48273
Armenia,ARM,GDP per capita (current US$),NY.GDP.PCAP.CD,4268.680933,4685.179971,6571.974455,8125.273958
American Samoa,ASM,GDP per capita (current US$),NY.GDP.PCAP.CD,14489.25866,15236.16049,18017.45894,
Antigua and Barbuda,ATG,GDP per capita (current US$),NY.GDP.PCAP.CD,15369.60823,17348.6007,20105.19891,21494.5474
Australia,AUS,GDP per capita (current US$),NY.GDP.PCAP.CD,51791.54018,60607.77886,64997.01365,64835.91998
Austria,AUT,GDP per capita (current US$),NY.GDP.PCAP.CD,48716.40989,53648.71907,52176.66491,56033.57379
Azerbaijan,AZE,GDP per capita (current US$),NY.GDP.PCAP.CD,4229.910649,5408.045352,7770.594223,7133.02838
Burundi,BDI,GDP per capita (current US$),NY.GDP.PCAP.CD,210.0081399,214.0914554,250.6342254,192.0743054
Belgium,BEL,GDP per capita (current US$),NY.GDP.PCAP.CD,45906.28758,51658.23829,50822.25185,54690.09427
Benin,BEN,GDP per capita (current US$),NY.GDP.PCAP.CD,1200.194266,1318.651581,1266.42711,1394.177847
Burkina Faso,BFA,GDP per capita (current US$),NY.GDP.PCAP.CD,825.2370388,895.5352884,836.1183046,882.6898101
Bangladesh,BGD,GDP per capita (current US$),NY.GDP.PCAP.CD,2248.850788,2482.849178,2716.485928,2551.017738
Bulgaria,BGR,GDP per capita (current US$),NY.GDP.PCAP.CD,10769.94757,12972.21734,13999.67192,15883.86185
Bahrain,BHR,GDP per capita (current US$),NY.GDP.PCAP.CD,24342.84446,27147.80839,30470.52193,29290.12842
"Bahamas, The",BHS,GDP per capita (current US$),NY.GDP.PCAP.CD,26178.75376,30367.86058,34957.16133,38231.77448
Bosnia and Herzegovina,BIH,GDP per capita (current US$),NY.GDP.PCAP.CD,6130.311332,7295.343824,7655.59421,8663.02323
Belarus,BLR,GDP per capita (current US$),NY.GDP.PCAP.CD,6542.8558,7489.718947,7994.648061,7896.753883
Belize,BLZ,GDP per capita (current US$),NY.GDP.PCAP.CD,5227.193638,6122.611586,7068.454783,7459.998151
Bermuda,BMU,GDP per capita (current US$),NY.GDP.PCAP.CD,106976.5462,112765.0817,121613.94,132604.4391
Bolivia,BOL,GDP per capita (current US$),NY.GDP.PCAP.CD,3099.942191,3384.844865,3643.92827,3686.279964
Brazil,BRA,GDP per capita (current US$),NY.GDP.PCAP.CD,7074.193783,7972.53665,9281.333344,10377.58928
Barbados,BRB,GDP per capita (current US$),NY.GDP.PCAP.CD,18347.11091,18696.7859,22164.02603,23804.02499
Brunei Darussalam,BRN,GDP per capita (current US$),NY.GDP.PCAP.CD,26834.35925,31006.96362,36632.92804,32890.54925
Bhutan,BTN,GDP per capita (current US$),NY.GDP.PCAP.CD,3191.66907,3570.61258,3711.32768,3839.409304
Botswana,BWA,GDP per capita (current US$),NY.GDP.PCAP.CD,6323.297498,7807.887945,8328.709057,7826.353765
Central African Republic,CAF,GDP per capita (current US$),NY.GDP.PCAP.CD,462.8790713,492.2631428,467.359825,495.9788973
Canada,CAN,GDP per capita (current US$),NY.GDP.PCAP.CD,43537.8393,52886.66164,56256.80073,54220.3285
Central Europe and the Baltics,CEB,GDP per capita (current US$),NY.GDP.PCAP.CD,16595.93527,19239.8185,19548.69305,22699.53517
Switzerland,CHE,GDP per capita (current US$),NY.GDP.PCAP.CD,85897.78433,93664.77367,94394.51068,100631.8028
Channel Islands,CHI,GDP per capita (current US$),NY.GDP.PCAP.CD,56785.9402,66912.17532,67627.30845,74589.13812
Chile,CHL,GDP per capita (current US$),NY.GDP.PCAP.CD,13114.81547,16206.83255,15405.61658,17067.03648
China,CHN,GDP per capita (current US$),NY.GDP.PCAP.CD,10627.4638,12887.43572,12970.60564,12951.17824
Cote d'Ivoire,CIV,GDP per capita (current US$),NY.GDP.PCAP.CD,2179.729348,2455.981276,2333.371283,2554.673049
Cameroon,CMR,GDP per capita (current US$),NY.GDP.PCAP.CD,1555.603707,1672.326573,1604.87727,1736.860911
"Congo, Dem. Rep.",COD,GDP per capita (current US$),NY.GDP.PCAP.CD,507.5212301,558.0340773,642.6122671,633.3956617
"Congo, Rep.",COG,GDP per capita (current US$),NY.GDP.PCAP.CD,1993.586672,2516.162551,2620.838043,2477.978455
Colombia,COL,GDP per capita (current US$),NY.GDP.PCAP.CD,5339.687114,6222.621644,6680.445069,7000.836605
Comoros,COM,GDP per capita (current US$),NY.GDP.PCAP.CD,1527.169909,1587.729886,1533.877553,1682.202851
Cabo Verde,CPV,GDP per capita (current US$),NY.GDP.PCAP.CD,3539.226612,3971.444092,4323.31362,4861.291841
Costa Rica,CRI,GDP per capita (current US$),NY.GDP.PCAP.CD,12394.0494,12838.11854,13625.90085,16942.02681
Caribbean small states,CSS,GDP per capita (current US$),NY.GDP.PCAP.CD,11925.7574,13833.30993,17355.83666,17582.26368
Cuba,CUB,GDP per capita (current US$),NY.GDP.PCAP.CD,9605.261251,,,
Curacao,CUW,GDP per capita (current US$),NY.GDP.PCAP.CD,16356.09333,17979.99829,20501.75228,21061.74164
Cayman Islands,CYM,GDP per capita (current US$),NY.GDP.PCAP.CD,82338.79829,86438.44526,92202.1478,97749.5079
Cyprus,CYP,GDP per capita (current US$),NY.GDP.PCAP.CD,28649.01563,33734.03516,33894.44922,36551.41797
Czechia,CZE,GDP per capita (current US$),NY.GDP.PCAP.CD,23472.89155,27696.46195,28282.22367,31591.05682
Germany,DEU,GDP per capita (current US$),NY.GDP.PCAP.CD,47379.76519,52265.65416,49686.11546,53940.40734
Djibouti,DJI,GDP per capita (current US$),NY.GDP.PCAP.CD,2844.888106,3025.911264,3133.257798,3397.520158
Dominica,DMA,GDP per capita (current US$),NY.GDP.PCAP.CD,7827.748427,8376.404141,9323.660895,9912.962128
Denmark,DNK,GDP per capita (current US$),NY.GDP.PCAP.CD,60985.48856,69727.98737,68091.31911,68453.87693
Dominican Republic,DOM,GDP per capita (current US$),NY.GDP.PCAP.CD,7135.222733,8527.075486,10104.24493,10630.43174
Algeria,DZA,GDP per capita (current US$),NY.GDP.PCAP.CD,3743.541952,4160.559267,4961.552577,5364.02795
East Asia & Pacific (excluding high income),EAP,GDP per capita (current US$),NY.GDP.PCAP.CD,8391.368384,9974.6364,10106.87252,10125.76681
Early-demographic dividend,EAR,GDP per capita (current US$),NY.GDP.PCAP.CD,3250.749747,3765.510798,4113.000849,4322.182794
East Asia & Pacific,EAS,GDP per capita (current US$),NY.GDP.PCAP.CD,11595.29409,13282.76367,13084.28481,13117.90954
Europe & Central Asia (excluding high income),ECA,GDP per capita (current US$),NY.GDP.PCAP.CD,5733.417619,6623.351377,7247.609812,8571.410187
Europe & Central Asia,ECS,GDP per capita (current US$),NY.GDP.PCAP.CD,24121.4791,27591.41088,27782.86162,29835.71805
Ecuador,ECU,GDP per capita (current US$),NY.GDP.PCAP.CD,5463.645153,6061.323502,6515.585284,6737.847484
"Egypt, Arab Rep.",EGY,GDP per capita (current US$),NY.GDP.PCAP.CD,3511.11381,3827.354154,4233.307837,3456.789685
Euro area,EMU,GDP per capita (current US$),NY.GDP.PCAP.CD,38234.53359,42967.25517,41446.43228,45068.70109
Eritrea,ERI,GDP per capita (current US$),NY.GDP.PCAP.CD,,,,
Spain,ESP,GDP per capita (current US$),NY.GDP.PCAP.CD,27233.94265,30799.47759,30270.2687,33509.0128
Estonia,EST,GDP per capita (current US$),NY.GDP.PCAP.CD,23933.99394,27953.76702,28451.14778,30133.30445
Ethiopia,ETH,GDP per capita (current US$),NY.GDP.PCAP.CD,905.3131593,910.9478871,1011.073324,
European Union,EUU,GDP per capita (current US$),NY.GDP.PCAP.CD,34698.40321,39214.36608,37962.8295,41392.07438
Fragile and conflict affected situations,FCS,GDP per capita (current US$),NY.GDP.PCAP.CD,1689.916908,1763.845894,1903.898873,1781.8601
Finland,FIN,GDP per capita (current US$),NY.GDP.PCAP.CD,48828.68469,53099.13514,50440.56022,52821.51143
Fiji,FJI,GDP per capita (current US$),NY.GDP.PCAP.CD,4844.421272,4696.171039,5405.030062,5888.736673
France,FRA,GDP per capita (current US$),NY.GDP.PCAP.CD,39169.8606,43725.09995,41082.81193,44690.93454
Faroe Islands,FRO,GDP per capita (current US$),NY.GDP.PCAP.CD,62240.82241,68749.40056,66139.38097,71774.35224
"Micronesia, Fed. Sts.",FSM,GDP per capita (current US$),NY.GDP.PCAP.CD,3362.027931,3508.223563,3710.124485,3941.372479
Gabon,GAB,GDP per capita (current US$),NY.GDP.PCAP.CD,6605.803461,8181.409141,8409.207415,8071.397774
United Kingdom,GBR,GDP per capita (current US$),NY.GDP.PCAP.CD,40404.80622,46926.47574,46062.99141,49200.81015
Georgia,GEO,GDP per capita (current US$),NY.GDP.PCAP.CD,4300.857013,5083.606955,6729.846599,8283.669607
Ghana,GHA,GDP per capita (current US$),NY.GDP.PCAP.CD,2195.454817,2445.186625,2229.891226,2383.904105
Gibraltar,GIB,GDP per capita (current US$),NY.GDP.PCAP.CD,,,,
Guinea,GIN,GDP per capita (current US$),NY.GDP.PCAP.CD,1053.660977,1244.965505,1416.59612,1555.493758
"Gambia, The",GMB,GDP per capita (current US$),NY.GDP.PCAP.CD,720.3351434,781.8909252,836.2448756,888.1574074
Guinea-Bissau,GNB,GDP per capita (current US$),NY.GDP.PCAP.CD,836.2673142,912.4841047,873.4378619,964.9275542
Equatorial Guinea,GNQ,GDP per capita (current US$),NY.GDP.PCAP.CD,5764.055029,6945.630698,7589.299649,6677.793435
Greece,GRC,GDP per capita (current US$),NY.GDP.PCAP.CD,17886.73317,20654.7002,20971.83493,23400.72788
Grenada,GRD,GDP per capita (current US$),NY.GDP.PCAP.CD,8968.558901,9622.240505,10535.45888,11308.28742
Greenland,GRL,GDP per capita (current US$),NY.GDP.PCAP.CD,54812.66618,58135.99399,55635.00065,58498.97431
Guatemala,GTM,GDP per capita (current US$),NY.GDP.PCAP.CD,4477.617618,4912.622257,5358.701275,5758.308763
Guam,GUM,GDP per capita (current US$),NY.GDP.PCAP.CD,36482.9364,38074.87937,41833.15171,
Guyana,GUY,GDP per capita (current US$),NY.GDP.PCAP.CD,6775.709391,9860.870148,17913.49281,20473.70022
High income,HIC,GDP per capita (current US$),NY.GDP.PCAP.CD,40219.13602,45211.94105,46655.16486,48708.46247
"Hong Kong SAR, China",HKG,GDP per capita (current US$),NY.GDP.PCAP.CD,46109.22999,49770.56424,48825.84419,50565.46477
Honduras,HND,GDP per capita (current US$),NY.GDP.PCAP.CD,2307.614943,2735.147515,3003.289968,3227.457625
Heavily indebted poor countries (HIPC),HPC,GDP per capita (current US$),NY.GDP.PCAP.CD,968.074022,1049.999875,1111.391858,1173.17371
Croatia,HRV,GDP per capita (current US$),NY.GDP.PCAP.CD,14808.46202,17789.93047,18466.09555,21865.45628
Haiti,HTI,GDP per capita (current US$),NY.GDP.PCAP.CD,1290.325387,1835.443941,1760.626357,1705.758085
Hungary,HUN,GDP per capita (current US$),NY.GDP.PCAP.CD,16386.93088,19030.62813,18483.63669,22312.17903
IBRD only,IBD,GDP per capita (current US$),NY.GDP.PCAP.CD,6236.681205,7366.114738,7745.393066,7964.736753
IDA & IBRD total,IBT,GDP per capita (current US$),NY.GDP.PCAP.CD,4932.646214,5764.255489,6043.777287,6162.305888
IDA total,IDA,GDP per capita (current US$),NY.GDP.PCAP.CD,1374.492016,1465.046916,1551.173814,1480.943613
IDA blend,IDB,GDP per capita (current US$),NY.GDP.PCAP.CD,1735.425044,1857.197346,1962.521523,1729.919829
Indonesia,IDN,GDP per capita (current US$),NY.GDP.PCAP.CD,3853.702888,4287.17314,4730.834848,4876.307745
IDA only,IDX,GDP per capita (current US$),NY.GDP.PCAP.CD,1179.866456,1254.095721,1330.402539,1347.74691
Isle of Man,IMN,GDP per capita (current US$),NY.GDP.PCAP.CD,79513.53303,94299.96935,88328.54813,
India,IND,GDP per capita (current US$),NY.GDP.PCAP.CD,1907.042516,2239.613844,2347.448294,2530.120313
Not classified,INX,GDP per capita (current US$),NY.GDP.PCAP.CD,,,,
Ireland,IRL,GDP per capita (current US$),NY.GDP.PCAP.CD,86622.50673,103961.9764,105234.5116,103887.8004
"Iran, Islamic Rep.",IRN,GDP per capita (current US$),NY.GDP.PCAP.CD,2988.781224,4334.792686,4405.092915,4465.637669
Iraq,IRQ,GDP per capita (current US$),NY.GDP.PCAP.CD,4295.189451,4868.494311,6520.731546,5965.318351
Iceland,ISL,GDP per capita (current US$),NY.GDP.PCAP.CD,59023.56635,69178.4047,75121.01523,79960.09615
Israel,ISR,GDP per capita (current US$),NY.GDP.PCAP.CD,44575.5719,52270.90402,54949.62156,52003.72007
Italy,ITA,GDP per capita (current US$),NY.GDP.PCAP.CD,32091.48666,36852.54254,35653.90421,39065.42444
Jamaica,JAM,GDP per capita (current US$),NY.GDP.PCAP.CD,4879.440258,5165.337821,6022.153398,6839.725024
Jordan,JOR,GDP per capita (current US$),NY.GDP.PCAP.CD,4022.040136,4183.499983,4332.251599,4466.083142
Japan,JPN,GDP per capita (current US$),NY.GDP.PCAP.CD,40028.73417,40094.55998,34065.6439,33836.17563
Kazakhstan,KAZ,GDP per capita (current US$),NY.GDP.PCAP.CD,8781.507978,9983.601036,11255.33964,12879.42753
Kenya,KEN,GDP per capita (current US$),NY.GDP.PCAP.CD,1927.66459,2061.356221,2109.562885,1952.304579
Kyrgyz Republic,KGZ,GDP per capita (current US$),NY.GDP.PCAP.CD,1229.517666,1349.997307,1739.720183,2138.222102
Cambodia,KHM,GDP per capita (current US$),NY.GDP.PCAP.CD,2081.739142,2167.403242,2325.0305,2429.748535
Kiribati,KIR,GDP per capita (current US$),NY.GDP.PCAP.CD,1751.78232,2222.048295,2069.767201,2177.701141
St. Kitts and Nevis,KNA,GDP per capita (current US$),NY.GDP.PCAP.CD,18859.01904,18361.14497,20985.01122,22600.45023
"Korea, Rep.",KOR,GDP per capita (current US$),NY.GDP.PCAP.CD,31721.29891,35125.5225,32394.68337,33121.37129
Kuwait,KWT,GDP per capita (current US$),NY.GDP.PCAP.CD,25236.07555,34018.63429,39981.7691,34075.84904
Latin America & Caribbean (excluding high income),LAC,GDP per capita (current US$),NY.GDP.PCAP.CD,6892.381716,7955.361334,9093.652742,10166.92867
Lao PDR,LAO,GDP per capita (current US$),NY.GDP.PCAP.CD,2583.777307,2526.05105,2046.404403,2066.949798
Lebanon,LBN,GDP per capita (current US$),NY.GDP.PCAP.CD,5561.19167,4045.373911,3654.358455,3477.724898
Liberia,LBR,GDP per capita (current US$),NY.GDP.PCAP.CD,616.787867,667.9661051,744.6171752,799.1944702
Libya,LBY,GDP per capita (current US$),NY.GDP.PCAP.CD,6650.338106,4935.827873,5986.636949,6172.812469
St. Lucia,LCA,GDP per capita (current US$),NY.GDP.PCAP.CD,8411.074749,10459.13212,13103.82431,13554.76848
Latin America & Caribbean,LCN,GDP per capita (current US$),NY.GDP.PCAP.CD,7445.296453,8597.53194,9716.032667,10838.82795
Least developed countries: UN classification,LDC,GDP per capita (current US$),NY.GDP.PCAP.CD,1088.704909,1161.529355,1273.789792,1254.232793
Low income,LIC,GDP per capita (current US$),NY.GDP.PCAP.CD,607.9647537,643.369305,723.5046389,697.1711915
Liechtenstein,LIE,GDP per capita (current US$),NY.GDP.PCAP.CD,164671.0936,201944.8303,186821.8818,207973.6177
Sri Lanka,LKA,GDP per capita (current US$),NY.GDP.PCAP.CD,3847.601377,3996.9624,3342.636503,3798.890166
Lower middle income,LMC,GDP per capita (current US$),NY.GDP.PCAP.CD,2058.4346,2302.447369,2424.150547,2443.408276
Low & middle income,LMY,GDP per capita (current US$),NY.GDP.PCAP.CD,4698.51753,5485.924721,5702.283442,5819.840863
Lesotho,LSO,GDP per capita (current US$),NY.GDP.PCAP.CD,918.5825774,1066.586436,1030.125796,916.2829705
Late-demographic dividend,LTE,GDP per capita (current US$),NY.GDP.PCAP.CD,9869.5402,11755.42454,12280.10754,12422.7254
Lithuania,LTU,GDP per capita (current US$),NY.GDP.PCAP.CD,20428.64782,23870.45949,25085.78406,27786.00578
Luxembourg,LUX,GDP per capita (current US$),NY.GDP.PCAP.CD,116860.0282,134965.8154,123719.6589,131407.6814
Latvia,LVA,GDP per capita (current US$),NY.GDP.PCAP.CD,17564.23215,20261.88878,20227.23074,22675.57863
"Macao SAR, China",MAC,GDP per capita (current US$),NY.GDP.PCAP.CD,36976.25611,45376.31459,36909.95641,67476.52908
St. Martin (French part),MAF,GDP per capita (current US$),NY.GDP.PCAP.CD,,21668.37409,,
Morocco,MAR,GDP per capita (current US$),NY.GDP.PCAP.CD,3268.030273,3785.936279,3455.39624,3771.446289
Monaco,MCO,GDP per capita (current US$),NY.GDP.PCAP.CD,176891.8865,223823.364,226052.0019,256580.5151
Moldova,MDA,GDP per capita (current US$),NY.GDP.PCAP.CD,4375.778893,5274.605822,5744.296184,6799.585946
Madagascar,MDG,GDP per capita (current US$),NY.GDP.PCAP.CD,450.7716152,483.4694634,503.5145335,508.7184277
Maldives,MDV,GDP per capita (current US$),NY.GDP.PCAP.CD,7393.888654,10176.14388,11786.00915,12530.36024
"Middle East, North Africa, Afghanistan & Pakistan",MEA,GDP per capita (current US$),NY.GDP.PCAP.CD,4707.819861,5575.272986,6383.398393,6063.052477
Mexico,MEX,GDP per capita (current US$),NY.GDP.PCAP.CD,8841.270751,10314.05067,11402.14104,13826.13066
Marshall Islands,MHL,GDP per capita (current US$),NY.GDP.PCAP.CD,5661.967873,6258.611937,6322.828555,6678.342391
Middle income,MIC,GDP per capita (current US$),NY.GDP.PCAP.CD,5096.735904,5966.000158,6205.545998,6347.753919
North Macedonia,MKD,GDP per capita (current US$),NY.GDP.PCAP.CD,6659.596511,7620.80297,7606.237525,8624.284002
Mali,MLI,GDP per capita (current US$),NY.GDP.PCAP.CD,953.2429433,1027.273454,969.7222056,1035.862426
Malta,MLT,GDP per capita (current US$),NY.GDP.PCAP.CD,31833.59638,38065.35435,36224.282,40182.43139
Myanmar,MMR,GDP per capita (current US$),NY.GDP.PCAP.CD,1490.216835,1242.721344,1158.05005,1233.196662
"Middle East, North Africa, Afghanistan & Pakistan (excluding high income)",MNA,GDP per capita (current US$),NY.GDP.PCAP.CD,2381.425425,2719.531268,2975.955663,2797.407307
Montenegro,MNE,GDP per capita (current US$),NY.GDP.PCAP.CD,7612.628459,9377.488797,9990.204446,12077.37471
Mongolia,MNG,GDP per capita (current US$),NY.GDP.PCAP.CD,4001.251931,4517.61578,4993.514875,5838.631081
Northern Mariana Islands,MNP,GDP per capita (current US$),NY.GDP.PCAP.CD,18220.83824,19455.50139,23785.75459,
Mozambique,MOZ,GDP per capita (current US$),NY.GDP.PCAP.CD,462.4338765,509.9078295,578.2516638,622.9856193
Mauritania,MRT,GDP per capita (current US$),NY.GDP.PCAP.CD,1795.764596,1947.789184,1960.352401,2120.823184
Mauritius,MUS,GDP per capita (current US$),NY.GDP.PCAP.CD,9011.042884,9068.973002,10223.78823,11182.18657
Malawi,MWI,GDP per capita (current US$),NY.GDP.PCAP.CD,602.5074782,617.4475208,604.2697512,602.3436198
Malaysia,MYS,GDP per capita (current US$),NY.GDP.PCAP.CD,9957.526267,10903.11164,11748.09193,11379.08519
North America,NAC,GDP per capita (current US$),NY.GDP.PCAP.CD,62262.64241,69412.91375,75613.45071,79326.90766
Namibia,NAM,GDP per capita (current US$),NY.GDP.PCAP.CD,3878.58983,4412.835569,4349.799085,4187.605004
New Caledonia,NCL,GDP per capita (current US$),NY.GDP.PCAP.CD,33270.3306,35311.55436,33516.36309,
Niger,NER,GDP per capita (current US$),NY.GDP.PCAP.CD,579.5124958,608.7224396,609.7451477,638.3360807
Nigeria,NGA,GDP per capita (current US$),NY.GDP.PCAP.CD,2019.657063,2017.274865,2139.374785,1596.636961
Nicaragua,NIC,GDP per capita (current US$),NY.GDP.PCAP.CD,1938.447048,2138.385885,2322.89054,2609.444921
Netherlands,NLD,GDP per capita (current US$),NY.GDP.PCAP.CD,53467.92774,60141.98809,59123.31856,64572.00596
Norway,NOR,GDP per capita (current US$),NY.GDP.PCAP.CD,68340.0181,93072.89251,109269.5206,87497.32893
Nepal,NPL,GDP per capita (current US$),NY.GDP.PCAP.CD,1154.215176,1252.750767,1385.910663,1382.330558
Nauru,NRU,GDP per capita (current US$),NY.GDP.PCAP.CD,10695.69933,14989.66475,12896.4341,12754.18676
New Zealand,NZL,GDP per capita (current US$),NY.GDP.PCAP.CD,41850.92033,49689.49813,48760.03819,48654.90423
OECD members,OED,GDP per capita (current US$),NY.GDP.PCAP.CD,38704.97731,43149.60725,44046.42625,46672.51399
Oman,OMN,GDP per capita (current US$),NY.GDP.PCAP.CD,16784.86306,19403.46002,23223.58294,20972.48309
Other small states,OSS,GDP per capita (current US$),NY.GDP.PCAP.CD,11728.95245,13671.45655,14298.10282,15151.46649
Pakistan,PAK,GDP per capita (current US$),NY.GDP.PCAP.CD,1278.397352,1455.319224,1538.322813,1365.169274
Panama,PAN,GDP per capita (current US$),NY.GDP.PCAP.CD,13290.56083,15509.80691,17332.43607,18686.4051
Peru,PER,GDP per capita (current US$),NY.GDP.PCAP.CD,6133.325524,6826.202556,7350.630343,7887.541859
Philippines,PHL,GDP per capita (current US$),NY.GDP.PCAP.CD,3227.579102,3484.385939,3548.069306,3804.082741
Palau,PLW,GDP per capita (current US$),NY.GDP.PCAP.CD,14556.58723,13257.20632,14392.20114,15899.42461
Papua New Guinea,PNG,GDP per capita (current US$),NY.GDP.PCAP.CD,2429.611346,2607.578619,3102.289686,2966.068304
Poland,POL,GDP per capita (current US$),NY.GDP.PCAP.CD,16150.9291,18635.50888,18891.21353,22145.26431
Pre-demographic dividend,PRE,GDP per capita (current US$),NY.GDP.PCAP.CD,1320.709111,1412.709089,1577.716271,1416.33353
Puerto Rico (US),PRI,GDP per capita (current US$),NY.GDP.PCAP.CD,31427.11308,32619.07046,35353.68216,36948.40364
"Korea, Dem. People's Rep.",PRK,GDP per capita (current US$),NY.GDP.PCAP.CD,,,,
Portugal,PRT,GDP per capita (current US$),NY.GDP.PCAP.CD,22299.40441,24711.45101,24620.51956,27386.29206
Paraguay,PRY,GDP per capita (current US$),NY.GDP.PCAP.CD,5365.472207,5976.931798,6205.625954,6299.990265
West Bank and Gaza,PSE,GDP per capita (current US$),NY.GDP.PCAP.CD,3233.568638,3678.635657,3799.95527,3455.028529
Pacific island small states,PSS,GDP per capita (current US$),NY.GDP.PCAP.CD,3666.089264,3649.533887,3888.62868,4153.197066
Post-demographic dividend,PST,GDP per capita (current US$),NY.GDP.PCAP.CD,44887.38352,50022.03892,51102.35627,53961.34181
French Polynesia,PYF,GDP per capita (current US$),NY.GDP.PCAP.CD,19966.48385,21982.90389,20738.65,22774.1419
Qatar,QAT,GDP per capita (current US$),NY.GDP.PCAP.CD,51683.50544,71751.88313,88701.46335,80195.87465
Romania,ROU,GDP per capita (current US$),NY.GDP.PCAP.CD,13082.30066,14986.78549,15557.88262,18404.27309
Russian Federation,RUS,GDP per capita (current US$),NY.GDP.PCAP.CD,10108.32715,12425.0293,15619.61426,14159.3877
Rwanda,RWA,GDP per capita (current US$),NY.GDP.PCAP.CD,778.7014988,829.5448456,975.469324,1027.034468
South Asia,SAS,GDP per capita (current US$),NY.GDP.PCAP.CD,1957.203437,2273.720558,2385.083416,2532.375601
Saudi Arabia,SAU,GDP per capita (current US$),NY.GDP.PCAP.CD,24338.83073,31920.76537,38510.22762,36156.84834
Sudan,SDN,GDP per capita (current US$),NY.GDP.PCAP.CD,577.7952271,712.1220093,1046.240845,797.2834473
Senegal,SEN,GDP per capita (current US$),NY.GDP.PCAP.CD,1461.087204,1598.10677,1574.028106,1698.033873
Singapore,SGP,GDP per capita (current US$),NY.GDP.PCAP.CD,61410.07926,80056.12882,90299.06946,85412.23035
Solomon Islands,SLB,GDP per capita (current US$),NY.GDP.PCAP.CD,2063.331015,1996.869768,2005.413993,2076.107688
Sierra Leone,SLE,GDP per capita (current US$),NY.GDP.PCAP.CD,845.9829143,886.1929391,860.7745909,757.8486806
El Salvador,SLV,GDP per capita (current US$),NY.GDP.PCAP.CD,3997.192796,4642.607431,5074.602102,5365.444914
San Marino,SMR,GDP per capita (current US$),NY.GDP.PCAP.CD,44426.64634,54168.98283,54264.5705,
Somalia,SOM,GDP per capita (current US$),NY.GDP.PCAP.CD,518.1847785,549.1147427,573.1280925,597.4588546
Serbia,SRB,GDP per capita (current US$),NY.GDP.PCAP.CD,8098.709557,9680.527981,10022.96885,12281.50585
Sub-Saharan Africa (excluding high income),SSA,GDP per capita (current US$),NY.GDP.PCAP.CD,1544.441121,1700.421999,1772.655354,1614.139025
South Sudan,SSD,GDP per capita (current US$),NY.GDP.PCAP.CD,,,,
Sub-Saharan Africa,SSF,GDP per capita (current US$),NY.GDP.PCAP.CD,1480.478642,1621.10097,1696.439993,1580.787928
Small states,SST,GDP per capita (current US$),NY.GDP.PCAP.CD,10699.29117,12369.06398,13598.1108,14222.96605
Sao Tome and Principe,STP,GDP per capita (current US$),NY.GDP.PCAP.CD,2167.220018,2362.588272,2389.737298,2940.933529
Suriname,SUR,GDP per capita (current US$),NY.GDP.PCAP.CD,4755.392217,5029.848385,6084.438767,5494.074094
Slovak Republic,SVK,GDP per capita (current US$),NY.GDP.PCAP.CD,19735.48583,22132.4483,21334.6011,24673.5483
Slovenia,SVN,GDP per capita (current US$),NY.GDP.PCAP.CD,25392.06511,29187.36938,28373.83823,32610.11092
Sweden,SWE,GDP per capita (current US$),NY.GDP.PCAP.CD,52653.75659,61174.96802,55296.93715,55567.08901
Eswatini,SWZ,GDP per capita (current US$),NY.GDP.PCAP.CD,3454.784217,3966.298633,3889.65277,3741.690107
Sint Maarten (Dutch part),SXM,GDP per capita (current US$),NY.GDP.PCAP.CD,30150.89984,32548.43669,36476.63008,38077.54449
Seychelles,SYC,GDP per capita (current US$),NY.GDP.PCAP.CD,14041.47541,14982.91115,16836.67219,18262.71158
Syrian Arab Republic,SYR,GDP per capita (current US$),NY.GDP.PCAP.CD,572.3552898,663.6142457,1051.671496,847.3727234
Turks and Caicos Islands,TCA,GDP per capita (current US$),NY.GDP.PCAP.CD,20690.91605,27329.28851,31280.5418,35470.21516
Chad,TCD,GDP per capita (current US$),NY.GDP.PCAP.CD,866.9478149,946.3585002,966.0364683,989.058529
East Asia & Pacific (IDA & IBRD countries),TEA,GDP per capita (current US$),NY.GDP.PCAP.CD,8485.420258,10086.47852,10220.3605,10239.67433
Europe & Central Asia (IDA & IBRD countries),TEC,GDP per capita (current US$),NY.GDP.PCAP.CD,8456.581747,9987.988644,11410.44153,12106.92409
Togo,TGO,GDP per capita (current US$),NY.GDP.PCAP.CD,853.5782203,939.6133738,898.7581544,985.6975126
Thailand,THA,GDP per capita (current US$),NY.GDP.PCAP.CD,6985.643939,7057.207548,6909.352818,7195.101309
Tajikistan,TJK,GDP per capita (current US$),NY.GDP.PCAP.CD,834.3117155,896.7480534,1052.179495,1178.479901
Turkmenistan,TKM,GDP per capita (current US$),NY.GDP.PCAP.CD,6592.60146,7051.202111,8156.35212,8232.65226
Latin America & the Caribbean (IDA & IBRD countries),TLA,GDP per capita (current US$),NY.GDP.PCAP.CD,7240.296724,8382.42554,9482.776399,10593.11643
Timor-Leste,TLS,GDP per capita (current US$),NY.GDP.PCAP.CD,1630.869385,2684.827024,2343.245234,1502.519645
"Middle East, North Africa, Afghanistan & Pakistan (IDA & IBRD)",TMN,GDP per capita (current US$),NY.GDP.PCAP.CD,2375.473844,2712.781894,2970.114288,2792.714575
Tonga,TON,GDP per capita (current US$),NY.GDP.PCAP.CD,4700.449405,4912.579663,4933.074669,4863.763846
South Asia (IDA & IBRD),TSA,GDP per capita (current US$),NY.GDP.PCAP.CD,1957.203437,2273.720558,2385.083416,2532.375601
Sub-Saharan Africa (IDA & IBRD countries),TSS,GDP per capita (current US$),NY.GDP.PCAP.CD,1480.478642,1621.10097,1696.439993,1580.787928
Trinidad and Tobago,TTO,GDP per capita (current US$),NY.GDP.PCAP.CD,15358.8613,17679.18126,20874.37683,18639.25924
Tunisia,TUN,GDP per capita (current US$),NY.GDP.PCAP.CD,3548.653637,3906.939263,3708.848124,3950.375342
Turkiye,TUR,GDP per capita (current US$),NY.GDP.PCAP.CD,8638.739038,9743.212778,10674.50416,13105.6585
Tuvalu,TUV,GDP per capita (current US$),NY.GDP.PCAP.CD,4976.112541,5905.081981,5911.327271,6344.775019
Tanzania,TZA,GDP per capita (current US$),NY.GDP.PCAP.CD,1117.415283,1159.856567,1207.853027,1224.489624
Uganda,UGA,GDP per capita (current US$),NY.GDP.PCAP.CD,845.7664639,882.7917174,963.0673142,1002.309139
Ukraine,UKR,GDP per capita (current US$),NY.GDP.PCAP.CD,3709.769287,4775.945801,4199.670898,5139.598145
Upper middle income,UMC,GDP per capita (current US$),NY.GDP.PCAP.CD,8334.905824,9905.055835,10310.86688,10631.31674
Uruguay,URY,GDP per capita (current US$),NY.GDP.PCAP.CD,15757.5356,17881.81872,20818.61461,23019.42216
United States,USA,GDP per capita (current US$),NY.GDP.PCAP.CD,64401.50744,71307.40173,77860.91129,82304.62043
Uzbekistan,UZB,GDP per capita (current US$),NY.GDP.PCAP.CD,1978.280519,2258.519641,2578.666894,2878.968793
St. Vincent and the Grenadines,VCT,GDP per capita (current US$),NY.GDP.PCAP.CD,8351.20324,8641.27904,9693.558678,10582.36567
"Venezuela, RB",VEN,GDP per capita (current US$),NY.GDP.PCAP.CD,,,,
British Virgin Islands,VGB,GDP per capita (current US$),NY.GDP.PCAP.CD,,,,
Virgin Islands (U.S.),VIR,GDP per capita (current US$),NY.GDP.PCAP.CD,39787.37417,42571.07774,44320.90919,
Viet Nam,VNM,GDP per capita (current US$),NY.GDP.PCAP.CD,3534.039535,3704.193559,4147.697772,4323.35032
Vanuatu,VUT,GDP per capita (current US$),NY.GDP.PCAP.CD,3042.987116,3211.719473,3292.341088,3515.236336
World,WLD,GDP per capita (current US$),NY.GDP.PCAP.CD,10963.17564,12418.56592,12819.74484,13263.61955
Samoa,WSM,GDP per capita (current US$),NY.GDP.PCAP.CD,4099.660091,3947.645179,3869.466395,4330.178405
Kosovo,XKX,GDP per capita (current US$),NY.GDP.PCAP.CD,4310.890655,5270.429653,5290.947472,6221.203652
"Yemen, Rep.",YEM,GDP per capita (current US$),NY.GDP.PCAP.CD,559.5646758,522.1735117,615.7020777,426.3540759
South Africa,ZAF,GDP per capita (current US$),NY.GDP.PCAP.CD,5580.603831,6843.399419,6523.410978,6022.542542
Zambia,ZMB,GDP per capita (current US$),NY.GDP.PCAP.CD,951.6443167,1127.160779,1447.123101,1330.727806
Zimbabwe,ZWE,GDP per capita (current US$),NY.GDP.PCAP.CD,1730.45391,1724.387271,2040.546587,2156.034093
